{"Do": 35.95399999999999, "Fo": 86.5969129832168, "Po": 17.8825967856}